{
    "kind": "PersistentVolumeClaim",
    "apiVersion": "v1",
    "metadata": {
        "name": "pgdump-pgdata",
        "labels": {
            "cleanup": "$CCP_NAMESPACE-pgdump"
        }
    },
    "spec": {
        "selector": {
            "matchLabels": {
                "name": "$CCP_NAMESPACE-pgdump-pgdata"
            }
        },
        "accessModes": [
            "$CCP_STORAGE_MODE"
        ],
        "resources": {
            "requests": {
                "storage": "$CCP_STORAGE_CAPACITY"
            }
        }
    }
}