{
    "kind": "Service",
    "apiVersion": "v1",
    "metadata": {
        "name": "primary-upgrade",
        "labels": {
            "name": "primary-upgrade",
            "cleanup": "$CCP_NAMESPACE-upgrade"
        }
    },
    "spec": {
        "ports": [
            {
                "protocol": "TCP",
                "port": 5432,
                "targetPort": 5432,
                "nodePort": 0
            }
        ],
        "selector": {
            "name": "primary-upgrade"
        },
        "type": "ClusterIP",
        "sessionAffinity": "None"
    }
}

{
    "kind": "Pod",
    "apiVersion": "v1",
    "metadata": {
        "name": "primary-upgrade",
        "labels": {
            "name": "primary-upgrade",
            "cleanup": "$CCP_NAMESPACE-upgrade"
        }
    },
    "spec": {
        "securityContext": {
            $CCP_SECURITY_CONTEXT
        },
        "containers": [
            {
                "name": "postgres",
                "image": "$CCP_IMAGE_PREFIX/crunchy-postgres:$CCP_IMAGE_TAG",
                "ports": [
                    {
                        "containerPort": 5432,
                        "protocol": "TCP"
                    }
                ],
                "env": [
                    {
                        "name": "PGHOST",
                        "value": "/tmp"
                    },
                    {
                        "name": "PG_PRIMARY_USER",
                        "value": "primaryuser"
                    },
                    {
                        "name": "PG_MODE",
                        "value": "primary"
                    },
                    {
                        "name": "PG_PRIMARY_PORT",
                        "value": "5432"
                    },
                    {
                        "name": "PG_PRIMARY_PASSWORD",
                        "value": "password"
                    },
                    {
                        "name": "PG_USER",
                        "value": "testuser"
                    },
                    {
                        "name": "PG_PASSWORD",
                        "value": "password"
                    },
                    {
                        "name": "PG_DATABASE",
                        "value": "userdb"
                    },
                    {
                        "name": "PG_ROOT_PASSWORD",
                        "value": "password"
                    }
                ],
                "volumeMounts": [
                    {
                        "mountPath": "/pgdata",
                        "name": "pgdata",
                        "readOnly": false
                    }
                ]
            }
        ],
        "volumes": [
            {
                "name": "pgdata",
                "persistentVolumeClaim": {
                    "claimName": "upgrade-pgnewdata"
                }
            }
        ]
    }
}
