{
    "apiVersion": "v1",
    "kind": "PersistentVolume",
    "metadata": {
        "name": "$CCP_NAMESPACE-upgrade-pgnewdata",
        "labels": {
            "name": "$CCP_NAMESPACE-upgrade-pgnewdata",
            "cleanup": "$CCP_NAMESPACE-upgrade"
        }
    },
    "spec": {
        "capacity": {
            "storage": "$CCP_STORAGE_CAPACITY"
        },
        "accessModes": ["$CCP_STORAGE_MODE"],
        "hostPath": {
            "path": "$CCP_STORAGE_PATH/$CCP_NAMESPACE-upgrade"
        },
        "persistentVolumeReclaimPolicy": "Retain"
    }
}
