{
    "apiVersion": "batch/v1",
    "kind": "Job",
    "metadata": {
        "name": "{{.Name}}",
        "labels": {
            "vendor": "crunchydata",
            "pgbackup": "true",
            "pg-cluster": "{{.Name}}",
            "cleanup": "$CCP_NAMESPACE-scheduler"
        }
    },
    "spec": {
        "backoffLimit": 0,
        "template": {
            "metadata": {
                "name": "{{.Name}}",
                "labels": {
                    "vendor": "crunchydata",
                    "pgbackup": "true",
                    "pg-cluster": "{{.Name}}",
                    "cleanup": "$CCP_NAMESPACE-scheduler"
                }
            },
            "spec": {
                "securityContext": {
                     $CCP_SECURITY_CONTEXT
                },
                "volumes": [
                    {
                        "name": "pgdata",
                        "persistentVolumeClaim": {
                            "claimName": "{{.PvcName}}"
                        }
                    }
				],
                "containers": [
                    {
                        "name": "backup",
                        "image": "{{.CCPImagePrefix}}/crunchy-backup:{{.CCPImageTag}}",
                        "volumeMounts": [
                            {
                                "mountPath": "/pgdata",
                                "name": "pgdata",
                                "readOnly": false
                            }
                        ],
                        "env": [
                            {
                                "name": "BACKUP_HOST",
                                "value": "{{.BackupHost}}"
                            },
                            {
                                "name": "BACKUP_USER",
                                "value": "{{.BackupUser}}"
                            },
                            {
                                "name": "BACKUP_PASS",
                                "value": "{{.BackupPass}}"
                            },
                            {
                                "name": "BACKUP_PORT",
                                "value": "{{.BackupPort}}"
                            }
                        ]
                    }
                ],
                "restartPolicy": "Never"
            }
        }
    }
}
