{
    "kind": "Service",
    "apiVersion": "v1",
    "metadata": {
        "name": "backrest-full-restored",
        "labels": {
            "name": "backrest-full-restored",
            "cleanup": "$CCP_NAMESPACE-backrest-full-restore"
        }
    },
    "spec": {
        "ports": [
            {
                "protocol": "TCP",
                "port": 5432,
                "targetPort": 5432,
                "nodePort": 0
            }
        ],
        "selector": {
            "name": "backrest-full-restored"
        },
        "type": "ClusterIP",
        "sessionAffinity": "None"
    }
}

{
    "kind": "Deployment",
    "apiVersion": "extensions/v1beta1",
    "metadata": {
        "name": "backrest-full-restored",
        "labels": {
            "name": "backrest-full-restored",
            "cleanup": "$CCP_NAMESPACE-backrest-full-restore"
        }
    },
    "spec": {
        "replicas": 1,
        "template": {
            "metadata": {
                "labels": {
                    "name": "backrest-full-restored",
                    "cleanup": "$CCP_NAMESPACE-backrest-full-restore"
                }
            },
            "spec": {
                "containers": [
                    {
                        "name": "backrest",
                        "image": "$CCP_IMAGE_PREFIX/crunchy-postgres$CCP_PG_IMAGE:$CCP_IMAGE_TAG",
                        "readinessProbe": {
                            "exec": {
                                "command": [
                                    "/opt/cpm/bin/readiness.sh"
                                ]
                            },
                            "initialDelaySeconds": 40,
                            "timeoutSeconds": 1
                        },
                        "livenessProbe": {
                            "exec": {
                                "command": [
                                    "/opt/cpm/bin/liveness.sh"
                                ]
                            },
                            "initialDelaySeconds": 40,
                            "timeoutSeconds": 1
                        },
                        "env": [
                            {
                                "name": "PG_PRIMARY_USER",
                                "value": "primaryuser"
                            },
                            {
                                "name": "PG_PRIMARY_PORT",
                                "value": "5432"
                            },
                            {
                                "name": "PG_MODE",
                                "value": "primary"
                            },
                            {
                                "name": "PG_PRIMARY_PASSWORD",
                                "value": "password"
                            },
                            {
                                "name": "PGHOST",
                                "value": "/tmp"
                            },
                            {
                                "name": "PG_USER",
                                "value": "testuser"
                            },
                            {
                                "name": "PG_PASSWORD",
                                "value": "password"
                            },
                            {
                                "name": "PG_DATABASE",
                                "value": "userdb"
                            },
                            {
                                "name": "PG_ROOT_PASSWORD",
                                "value": "password"
                            },
                            {
                                "name": "ARCHIVE_TIMEOUT",
                                "value": "60"
                            },
                            {
                                "name": "PGBACKREST",
                                "value": "true"
                            },
                            {
                                "name": "PGBACKREST_REPO1_PATH",
                                "value": "/backrestrepo/backrest-backups"
                            },
                            {
                                "name": "PGDATA_PATH_OVERRIDE",
                                "value": "backrest-full-restored"
                            }
                        ],
                        "volumeMounts": [
                            {
                                "mountPath": "/pgdata",
                                "name": "pgdata",
                                "readOnly": false
                            },
                            {
                                "mountPath": "/backrestrepo",
                                "name": "backrestrepo",
                                "readOnly": false
                            }
                        ],
                        "ports": [
                            {
                                "containerPort": 5432,
                                "protocol": "TCP"
                            }
                        ],
                        "resources": {},
                        "imagePullPolicy": "IfNotPresent"
                    }
                ],
                "volumes": [
                    {
                        "name": "backrestrepo",
                        "persistentVolumeClaim": {
                            "claimName": "br-backups"
                        }
                    },
                    {
                        "name": "pgdata",
                        "persistentVolumeClaim": {
                            "claimName": "br-new-pgdata"
                        }
                    }
                ],
                "restartPolicy": "Always",
                "terminationGracePeriodSeconds": 30,
                "dnsPolicy": "ClusterFirst",
                "securityContext": {
                    $CCP_SECURITY_CONTEXT
                }
            }
        },
        "strategy": {
            "type": "RollingUpdate",
            "rollingUpdate": {
                "maxUnavailable": 1,
                "maxSurge": 1
            }
        }
    }
}