{
    "apiVersion": "batch/v1",
    "kind": "Job",
    "metadata": {
        "name": "backrest-pitr-restore-job"
    },
    "spec": {
        "backoffLimit": 0,
        "template": {
            "metadata": {
                "name": "backrest-pitr-restore-job",
                "labels": {
                    "app": "backrest-pitr-restore-job",
                    "cleanup": "$CCP_NAMESPACE-backrest-pitr-restore"
                }
            },
            "spec": {
                "securityContext": {
                    $CCP_SECURITY_CONTEXT
                },
                "containers": [
                    {
                        "name": "backrest-restore",
                        "image": "$CCP_IMAGE_PREFIX/crunchy-backrest-restore:$CCP_IMAGE_TAG",
                        "env": [
                            {
                                "name": "PGBACKREST_STANZA",
                                "value": "db"
                            },
                            {
                                "name": "PGBACKREST_PG1_PATH",
                                "value": "/pgdata/backrest-pitr-restored"
                            },
                            {
                                "name": "PGBACKREST_REPO1_PATH",
                                "value": "/backrestrepo/backrest-backups"
                            },
                            {
                                "name": "PGBACKREST_LOG_PATH",
                                "value": "/tmp"
                            },
                            {
                                "name": "PGBACKREST_TYPE",
                                "value": "time"
                            },
                            {
                                "name": "PGBACKREST_TARGET",
                                "value": "$CCP_BACKREST_TIMESTAMP"
                            }
                        ],
                        "volumeMounts": [
                            {
                                "mountPath": "/pgdata",
                                "name": "pgdata",
                                "readOnly": false
                            },
                            {
                                "mountPath": "/backrestrepo",
                                "name": "backrestrepo",
                                "readOnly": true
                            }
                        ]
                    }
                ],
                "volumes": [
                    {
                        "name": "backrestrepo",
                        "persistentVolumeClaim": {
                            "claimName": "br-backups"
                        }
                    },
                    {
                        "name": "pgdata",
                        "persistentVolumeClaim": {
                            "claimName": "br-pgdata"
                        }
                    }
                ],
                "restartPolicy": "Never"
            }
        }
    }
}
