{
    "apiVersion": "rbac.authorization.k8s.io/v1beta1",
    "kind": "Role",
    "metadata": {
        "name": "statefulset-sa",
        "namespace": "$CCP_NAMESPACE",
	"labels": {
            "cleanup": "$CCP_NAMESPACE-statefulset"
	}
    },
    "rules": [
        {
            "apiGroups": [
                ""
            ],
            "resources": [
                "pods"
            ],
            "verbs": [
                "get",
                "list",
                "update"
            ]
        }
    ]
}

{
    "apiVersion": "v1",
    "kind": "ServiceAccount",
    "metadata": {
        "name": "statefulset-sa",
        "namespace": "$CCP_NAMESPACE",
	"labels": {
            "cleanup": "$CCP_NAMESPACE-statefulset"
	}
    }
}

{
    "apiVersion": "rbac.authorization.k8s.io/v1beta1",
    "kind": "RoleBinding",
    "metadata": {
        "name": "statefulset-sa",
	"labels": {
            "cleanup": "$CCP_NAMESPACE-statefulset"
	}
    },
    "roleRef": {
        "apiGroup": "rbac.authorization.k8s.io",
        "kind": "Role",
        "name": "statefulset-sa"
    },
    "subjects": [
        {
            "kind": "ServiceAccount",
            "name": "statefulset-sa",
            "namespace": "$CCP_NAMESPACE"
        }
    ]
}
