{
    "apiVersion": "apps/v1beta1",
    "kind": "StatefulSet",
    "metadata": {
        "name": "statefulset",
        "labels": {
            "app": "statefulset",
            "cleanup": "$CCP_NAMESPACE-statefulset"
        }
    },
    "spec": {
        "serviceName": "statefulset",
        "replicas": 2,
        "template": {
            "metadata": {
                "labels": {
                    "app": "statefulset",
                    "cleanup": "$CCP_NAMESPACE-statefulset"
                }
            },
            "spec": {
                "serviceAccount": "statefulset-sa",
                "securityContext": {
                    $CCP_SECURITY_CONTEXT

                },
                "containers": [
                    {
                        "name": "statefulset",
                        "image": "$CCP_IMAGE_PREFIX/crunchy-postgres:$CCP_IMAGE_TAG",
                        "ports": [
                            {
                                "containerPort": 5432,
                                "name": "postgres"
                            }
                        ],
                        "readinessProbe": {
                            "exec": {
                                "command": [
                                    "/opt/cpm/bin/readiness.sh"
                                ]
                            },
                            "initialDelaySeconds": 40,
                            "timeoutSeconds": 1
                        },
                        "livenessProbe": {
                            "exec": {
                                "command": [
                                    "/opt/cpm/bin/liveness.sh"
                                ]
                            },
                            "initialDelaySeconds": 40,
                            "timeoutSeconds": 1
                        },
                        "env": [
                            {
                                "name": "PG_PRIMARY_USER",
                                "value": "primaryuser"
                            },
                            {
                                "name": "PGHOST",
                                "value": "/tmp"
                            },
                            {
                                "name": "PG_MODE",
                                "value": "set"
                            },
                            {
                                "name": "PG_PRIMARY_HOST",
                                "value": "statefulset-primary"
                            },
                            {
                                "name": "PG_REPLICA_HOST",
                                "value": "statefulset-replica"
                            },
                            {
                                "name": "PG_PRIMARY_PORT",
                                "value": "5432"
                            },
                            {
                                "name": "PG_PRIMARY_PASSWORD",
                                "value": "password"
                            },
                            {
                                "name": "PG_USER",
                                "value": "testuser"
                            },
                            {
                                "name": "PG_PASSWORD",
                                "value": "password"
                            },
                            {
                                "name": "PG_DATABASE",
                                "value": "userdb"
                            },
                            {
                                "name": "PG_ROOT_PASSWORD",
                                "value": "password"
                            },
                            {
                                "name": "CCP_NAMESPACE",
                                "valueFrom": {
                                    "fieldRef": {
                                        "fieldPath": "metadata.namespace"
                                    }
                                }
                            }
                        ],
                        "volumeMounts": [
                            {
                                "name": "pgdata",
                                "mountPath": "/pgdata",
                                "readOnly": false
                            }
                        ]
                    }
                ]
            }
        },
        "volumeClaimTemplates": [
            {
                "metadata": {
                    "name": "pgdata",
                    "labels": {
                        "app": "statefulset",
                        "cleanup": "$CCP_NAMESPACE-statefulset"
                    }
                },
                "spec": {
                    "accessModes": [
                        "${CCP_STORAGE_MODE}"
                    ],
                    "resources": {
                        "requests": {
                            "storage": "${CCP_STORAGE_CAPACITY}"
                        }
                    }
                }
            }
        ]
    }
}
