{
    "apiVersion": "v1",
    "kind": "PersistentVolume",
    "metadata": {
        "name": "statefulset-pgdata-0",
        "labels": {
            "name": "$CCP_NAMESPACE-statefulset-pgdata",
            "cleanup": "$CCP_NAMESPACE-statefulset"
        }
    },
    "spec": {
        "capacity": {
            "storage": "$CCP_STORAGE_CAPACITY"
        },
        "accessModes": ["$CCP_STORAGE_MODE"],
        "hostPath": {
            "path": "$CCP_STORAGE_PATH/$CCP_NAMESPACE-statefulset"
        },
        "persistentVolumeReclaimPolicy": "Retain"
    }
}

{
    "apiVersion": "v1",
    "kind": "PersistentVolume",
    "metadata": {
        "name": "statefulset-pgdata-1",
        "labels": {
            "name": "$CCP_NAMESPACE-statefulset-pgdata",
            "cleanup": "$CCP_NAMESPACE-statefulset"
        }
    },
    "spec": {
        "capacity": {
            "storage": "$CCP_STORAGE_CAPACITY"
        },
        "accessModes": ["$CCP_STORAGE_MODE"],
        "hostPath": {
            "path": "$CCP_STORAGE_PATH/$CCP_NAMESPACE-statefulset"
        },
        "persistentVolumeReclaimPolicy": "Retain"
    }
}

{
    "apiVersion": "v1",
    "kind": "PersistentVolume",
    "metadata": {
        "name": "statefulset-pgdata-2",
        "labels": {
            "name": "$CCP_NAMESPACE-statefulset-pgdata",
            "cleanup": "$CCP_NAMESPACE-statefulset"
        }
    },
    "spec": {
        "capacity": {
            "storage": "$CCP_STORAGE_CAPACITY"
        },
        "accessModes": ["$CCP_STORAGE_MODE"],
        "hostPath": {
            "path": "$CCP_STORAGE_PATH/$CCP_NAMESPACE-statefulset"
        },
        "persistentVolumeReclaimPolicy": "Retain"
    }
}
