{
    "kind": "Service",
    "apiVersion": "v1",
    "metadata": {
        "name": "statefulset-primary",
        "labels": {
            "name": "statefulset-primary",
            "cleanup": "$CCP_NAMESPACE-statefulset"
        }
    },
    "spec": {
        "ports": [
            {
                "protocol": "TCP",
                "port": 5432,
                "targetPort": 5432,
                "nodePort": 0
            }
        ],
        "selector": {
            "name": "statefulset-primary"
        },
        "type": "ClusterIP",
        "sessionAffinity": "None"
    }
}

{
    "kind": "Service",
    "apiVersion": "v1",
    "metadata": {
        "name": "statefulset-replica",
        "labels": {
            "name": "statefulset-replica",
            "cleanup": "$CCP_NAMESPACE-statefulset"
        }
    },
    "spec": {
        "ports": [
            {
                "protocol": "TCP",
                "port": 5432,
                "targetPort": 5432,
                "nodePort": 0
            }
        ],
        "selector": {
            "name": "statefulset-replica"
        },
        "type": "ClusterIP",
        "sessionAffinity": "None"
    }
}
