{
   "kind": "Service",
   "apiVersion": "v1",
   "metadata": {
       "name": "postgres-gis",
       "labels": {
           "name": "postgres-gis",
           "cleanup": "$CCP_NAMESPACE-postgres-gis"
       }
   },
   "spec": {
       "ports": [
           {
               "protocol": "TCP",
               "port": 5432,
               "targetPort": 5432,
               "nodePort": 0
           }
       ],
       "selector": {
           "name": "postgres-gis"
       }
   },
   "status": {
       "loadBalancer": {}
   }
}

{
    "kind": "Pod",
    "apiVersion": "v1",
    "metadata": {
        "name": "postgres-gis",
        "labels": {
            "name": "postgres-gis",
            "cleanup": "$CCP_NAMESPACE-postgres-gis"
        }
    },
    "spec": {
        "securityContext": {
            $CCP_SECURITY_CONTEXT
        },
        "containers": [
            {
                "name": "postgres-gis",
                "image": "$CCP_IMAGE_PREFIX/crunchy-postgres-gis:$CCP_IMAGE_TAG",
                "ports": [
                    {
                        "containerPort": 5432,
                        "protocol": "TCP"
                    }
                ],
                "readinessProbe": {
                    "exec": {
                        "command": [
                            "/opt/cpm/bin/readiness.sh"
                        ]
                    },
                    "initialDelaySeconds": 40,
                    "timeoutSeconds": 1
                },
                "livenessProbe": {
                    "exec": {
                        "command": [
                            "/opt/cpm/bin/liveness.sh"
                        ]
                    },
                    "initialDelaySeconds": 40,
                    "timeoutSeconds": 1
                },
                "env": [
                    {
                        "name": "VOLUME_NAME",
                        "value": "/pgdata"
                    },
                    {
                        "name": "TEMP_BUFFERS",
                        "value": "9MB"
                    },
                    {
                        "name": "PGHOST",
                        "value": "/tmp"
                    },
                    {
                        "name": "MAX_CONNECTIONS",
                        "value": "101"
                    },
                    {
                        "name": "SHARED_BUFFERS",
                        "value": "128MB"
                    },
                    {
                        "name": "MAX_WAL_SENDERS",
                        "value": "7"
                    },
                    {
                        "name": "WORK_MEM",
                        "value": "5MB"
                    },
                    {
                        "name": "PG_PRIMARY_USER",
                        "value": "primaryuser"
                    },
                    {
                        "name": "PG_PRIMARY_HOST",
                        "value": "postgres-gis"
                    },
                    {
                        "name": "PG_PRIMARY_PORT",
                        "value": "5432"
                    },
                    {
                        "name": "PG_PRIMARY_PASSWORD",
                        "value": "password"
                    },
                    {
                        "name": "PG_MODE",
                        "value": "primary"
                    },
                    {
                        "name": "PG_USER",
                        "value": "testuser"
                    },
                    {
                        "name": "PG_PASSWORD",
                        "value": "password"
                    },
                    {
                        "name": "PG_ROOT_PASSWORD",
                        "value": "password"
                    },
                    {
                        "name": "PG_DATABASE",
                        "value": "userdb"
                    },
                    {
                        "name": "CONTAINER_NAME",
                        "value": "postgres-gis"
                    }
                ],
                "volumeMounts": [
                    {
                        "mountPath": "/pgdata",
                        "name": "pgdata",
                        "readOnly": false
                    },
                    {
                        "mountPath": "/backup",
                        "name": "backup",
                        "readOnly": true
                    }
                ]
            }
        ],
        "volumes": [
            {
                "name": "pgdata",
                "emptyDir": {
			    "medium": "Memory"
			}
            },
            {
                "name": "backup",
                "emptyDir": {
			    "medium": "Memory"
			}
            }
        ]
    }
}
