{
    "apiVersion": "v1",
    "kind": "PersistentVolume",
    "metadata": {
        "name": "$CCP_NAMESPACE-postgres-gis-ha-01-pgdata",
        "labels": {
            "application": "patroni",
            "name": "$CCP_NAMESPACE-postgres-gis-ha-01-pgdata",
            "cleanup": "$CCP_NAMESPACE-postgres-gis-ha"
        }
    },
    "spec": {
        "capacity": {
            "storage": "$CCP_STORAGE_CAPACITY"
        },
        "accessModes": [
            "$CCP_STORAGE_MODE"
        ],
        "hostPath": {
            "path": "$CCP_STORAGE_PATH/$CCP_NAMESPACE-postgres-gis-ha"
        },
        "persistentVolumeReclaimPolicy": "Retain"
    }
}

{
    "apiVersion": "v1",
    "kind": "PersistentVolume",
    "metadata": {
        "name": "$CCP_NAMESPACE-postgres-gis-ha-02-pgdata",
        "labels": {
            "application": "patroni",
            "name": "$CCP_NAMESPACE-postgres-gis-ha-02-pgdata",
            "cleanup": "$CCP_NAMESPACE-postgres-gis-ha"
        }
    },
    "spec": {
        "capacity": {
            "storage": "$CCP_STORAGE_CAPACITY"
        },
        "accessModes": [
            "$CCP_STORAGE_MODE"
        ],
        "hostPath": {
            "path": "$CCP_STORAGE_PATH/$CCP_NAMESPACE-postgres-gis-ha"
        },
        "persistentVolumeReclaimPolicy": "Retain"
    }
}

{
    "apiVersion": "v1",
    "kind": "PersistentVolume",
    "metadata": {
        "name": "$CCP_NAMESPACE-postgres-gis-ha-backrestrepo",
        "labels": {
            "application": "patroni",
            "name": "$CCP_NAMESPACE-postgres-gis-ha-backrestrepo",
            "cleanup": "$CCP_NAMESPACE-postgres-gis-ha"
        }
    },
    "spec": {
        "capacity": {
            "storage": "$CCP_STORAGE_CAPACITY"
        },
        "accessModes": [
            "$CCP_STORAGE_MODE"
        ],
        "hostPath": {
            "path": "$CCP_STORAGE_PATH/$CCP_NAMESPACE-postgres-gis-ha"
        },
        "persistentVolumeReclaimPolicy": "Retain"
    }
}
