{
   "apiVersion":"v1",
   "kind":"ServiceAccount",
   "metadata":{
      "name":"postgres-gis-ha-sa",
      "labels":{
         "application":"postgres-gis-ha",
         "name":"postgres-gis-ha-sa",
         "cleanup":"$CCP_NAMESPACE-postgres-gis-ha"
      }
   }
}

{
   "apiVersion":"rbac.authorization.k8s.io/v1",
   "kind":"Role",
   "metadata":{
      "name":"postgres-gis-ha-role",
      "labels":{
         "application":"postgres-gis-ha",
         "name":"postgres-gis-ha-role",
         "cleanup":"$CCP_NAMESPACE-postgres-gis-ha"
      }
   },
   "rules":[
      {
         "apiGroups":[
            ""
         ],
         "resources":[
            "configmaps"
         ],
         "verbs":[
            "create",
            "get",
            "list",
            "patch",
            "update",
            "watch",
            "delete",
            "deletecollection"
         ]
      },
      {
         "apiGroups":[
            ""
         ],
         "resources":[
            "pods/exec"
         ],
         "verbs":[
            "create"
         ]
      },
      {
         "apiGroups":[
            ""
         ],
         "resources":[
            "pods"
         ],
         "verbs":[
            "get",
            "list",
            "patch",
            "update",
            "watch"
         ]
      }
   ]
}

{
   "apiVersion":"rbac.authorization.k8s.io/v1",
   "kind":"RoleBinding",
   "metadata":{
      "name":"postgres-gis-ha-rolebinding",
      "labels":{
         "application":"postgres-gis-ha",
         "name":"postgres-gis-ha-rolebinding",
         "cleanup":"$CCP_NAMESPACE-postgres-gis-ha"
      }
   },
   "roleRef":{
      "apiGroup":"rbac.authorization.k8s.io",
      "kind":"Role",
      "name":"postgres-gis-ha-role"
   },
   "subjects":[
      {
         "kind":"ServiceAccount",
         "name":"postgres-gis-ha-sa"
      }
   ]
}
 
