{
    "kind": "PersistentVolumeClaim",
    "apiVersion": "v1",
    "metadata": {
        "name": "pr-primary-pgdata",
        "labels": {
            "cleanup": "$CCP_NAMESPACE-primary-replica"
        }
    },
    "spec": {
        "selector": {
            "matchLabels": {
                "name": "$CCP_NAMESPACE-pr-primary-pgdata"
            }
        },
        "accessModes": [
            "$CCP_STORAGE_MODE"
        ],
        "resources": {
            "requests": {
                "storage": "$CCP_STORAGE_CAPACITY"
            }
        }
    }
}

{
    "kind": "PersistentVolumeClaim",
    "apiVersion": "v1",
    "metadata": {
        "name": "pr-replica-pgdata",
        "labels": {
            "cleanup": "$CCP_NAMESPACE-primary-replica"
        }
    },
    "spec": {
        "selector": {
            "matchLabels": {
                "name": "$CCP_NAMESPACE-pr-replica-pgdata"
            }
        },
        "accessModes": [
            "$CCP_STORAGE_MODE"
        ],
        "resources": {
            "requests": {
                "storage": "$CCP_STORAGE_CAPACITY"
            }
        }
    }
}
