{
    "apiVersion": "v1",
    "kind": "PersistentVolume",
    "metadata": {
        "name": "$CCP_NAMESPACE-pr-primary-pgdata",
        "labels": {
            "name": "$CCP_NAMESPACE-pr-primary-pgdata",
            "cleanup": "$CCP_NAMESPACE-primary-replica"
        }
    },
    "spec": {
        "capacity": {
            "storage": "$CCP_STORAGE_CAPACITY"
        },
        "accessModes": [
            "$CCP_STORAGE_MODE"
        ],
        "nfs": {
            "path": "$CCP_STORAGE_PATH/$CCP_NAMESPACE-primary-replica",
            "server": "$CCP_NFS_IP"
        },
        "persistentVolumeReclaimPolicy": "Retain"
    }
}

{
    "apiVersion": "v1",
    "kind": "PersistentVolume",
    "metadata": {
        "name": "$CCP_NAMESPACE-pr-replica-pgdata",
        "labels": {
            "name": "$CCP_NAMESPACE-pr-replica-pgdata",
            "cleanup": "$CCP_NAMESPACE-primary-replica"
        }
    },
    "spec": {
        "capacity": {
            "storage": "$CCP_STORAGE_CAPACITY"
        },
        "accessModes": [
            "$CCP_STORAGE_MODE"
        ],
        "nfs": {
            "path": "$CCP_STORAGE_PATH/$CCP_NAMESPACE-primary-replica",
            "server": "$CCP_NFS_IP"
        },
        "persistentVolumeReclaimPolicy": "Retain"
    }
}
