{
    "apiVersion": "v1",
    "kind": "PersistentVolume",
    "metadata": {
        "name": "$CCP_NAMESPACE-primary-deployment-pgdata",
        "labels": {
            "name": "$CCP_NAMESPACE-primary-deployment-pgdata",
            "cleanup": "$CCP_NAMESPACE-primary-scheduler"

        }
    },
    "spec": {
        "capacity": {
            "storage": "$CCP_STORAGE_CAPACITY"
        },
        "accessModes": ["$CCP_STORAGE_MODE"],
        "nfs": {
            "path": "$CCP_STORAGE_PATH/$CCP_NAMESPACE-primary-deployment",
            "server": "$CCP_NFS_IP"
        },
        "persistentVolumeReclaimPolicy": "Retain"
    }
}

{
    "apiVersion": "v1",
    "kind": "PersistentVolume",
    "metadata": {
        "name": "$CCP_NAMESPACE-primary-deployment-br",
        "labels": {
            "name": "$CCP_NAMESPACE-primary-deployment-br",
            "cleanup": "$CCP_NAMESPACE-primary-scheduler"
        }
    },
    "spec": {
        "capacity": {
            "storage": "$CCP_STORAGE_CAPACITY"
        },
        "accessModes": ["$CCP_STORAGE_MODE"],
        "nfs": {
            "path": "$CCP_STORAGE_PATH/$CCP_NAMESPACE-primary-deployment",
            "server": "$CCP_NFS_IP"
        },
        "persistentVolumeReclaimPolicy": "Retain"
    }
}

{
    "apiVersion": "v1",
    "kind": "PersistentVolume",
    "metadata": {
        "name": "$CCP_NAMESPACE-primary-deployment-backup",
        "labels": {
            "name": "$CCP_NAMESPACE-primary-deployment-backup",
            "cleanup": "$CCP_NAMESPACE-primary-scheduler"
        }
    },
    "spec": {
        "capacity": {
            "storage": "$CCP_STORAGE_CAPACITY"
        },
        "accessModes": ["$CCP_STORAGE_MODE"],
        "nfs": {
            "path": "$CCP_STORAGE_PATH/$CCP_NAMESPACE-primary-deployment",
            "server": "$CCP_NFS_IP"
        },
        "persistentVolumeReclaimPolicy": "Retain"
    }
}
