{
    "kind": "PersistentVolumeClaim",
    "apiVersion": "v1",
    "metadata": {
        "name": "postgres-ha-01-pgdata",
        "labels": {
            "application": "postgres-ha",
            "name": "postgres-ha-01-pgdata",
            "cleanup": "$CCP_NAMESPACE-postgres-ha"
        }
    },
    "spec": {
        "accessModes": [
            "$CCP_STORAGE_MODE"
        ],
        "storageClassName": "$CCP_STORAGE_CLASS",
        "resources": {
            "requests": {
                "storage": "$CCP_STORAGE_CAPACITY"
            }
        }
    }
}

{
    "kind": "PersistentVolumeClaim",
    "apiVersion": "v1",
    "metadata": {
        "name": "postgres-ha-02-pgdata",
        "labels": {
            "application": "postgres-ha",
            "name": "postgres-ha-02-pgdata",
            "cleanup": "$CCP_NAMESPACE-postgres-ha"
        }
    },
    "spec": {
        "accessModes": [
            "$CCP_STORAGE_MODE"
        ],
        "storageClassName": "$CCP_STORAGE_CLASS",
        "resources": {
            "requests": {
                "storage": "$CCP_STORAGE_CAPACITY"
            }
        }
    }
}

{
    "kind": "PersistentVolumeClaim",
    "apiVersion": "v1",
    "metadata": {
        "name": "postgres-ha-backrestrepo",
        "labels": {
            "application": "postgres-ha",
            "name": "postgres-ha-backrestrepo",
            "cleanup": "$CCP_NAMESPACE-postgres-ha"
        }
    },
    "spec": {
        "accessModes": [
            "$CCP_STORAGE_MODE"
        ],
        "storageClassName": "$CCP_STORAGE_CLASS",
        "resources": {
            "requests": {
                "storage": "$CCP_STORAGE_CAPACITY"
            }
        }
    }
}