{
    "kind": "PersistentVolumeClaim",
    "apiVersion": "v1",
    "metadata": {
        "name": "metrics-prometheusdata",
        "labels": {
            "cleanup": "$CCP_NAMESPACE-metrics"
        }
    },
    "spec": {
        "selector": {
            "matchLabels": {
                "name": "$CCP_NAMESPACE-metrics-prometheusdata"
            }
        },
        "accessModes": [
            "$CCP_STORAGE_MODE"
        ],
        "resources": {
            "requests": {
                "storage": "$CCP_STORAGE_CAPACITY"
            }
        }
    }
}

{
    "kind": "PersistentVolumeClaim",
    "apiVersion": "v1",
    "metadata": {
        "name": "metrics-grafanadata",
        "labels": {
            "cleanup": "$CCP_NAMESPACE-metrics"
        }
    },
    "spec": {
        "selector": {
            "matchLabels": {
                "name": "$CCP_NAMESPACE-metrics-grafanadata"
            }
        },
        "accessModes": [
            "$CCP_STORAGE_MODE"
        ],
        "resources": {
            "requests": {
                "storage": "$CCP_STORAGE_CAPACITY"
            }
        }
    }
}