{
    "apiVersion": "v1",
    "kind": "PersistentVolume",
    "metadata": {
        "name": "$CCP_NAMESPACE-primary-deployment-pgdata",
        "labels": {
            "cleanup": "$CCP_NAMESPACE-postgres-cluster",
            "name": "$CCP_NAMESPACE-primary-deployment-pgdata"
        }
    },
    "spec": {
        "capacity": {
            "storage": "$CCP_STORAGE_CAPACITY"
        },
        "accessModes": [
            "$CCP_STORAGE_MODE"
        ],
        "hostPath": {
            "path": "$CCP_STORAGE_PATH/$CCP_NAMESPACE-postgres-cluster"
        },
        "persistentVolumeReclaimPolicy": "Retain"
    }
}


{
    "apiVersion": "v1",
    "kind": "PersistentVolume",
    "metadata": {
        "name": "$CCP_NAMESPACE-replica-deployment-pgdata",
        "labels":{
           "cleanup": "$CCP_NAMESPACE-postgres-cluster",
            "name": "$CCP_NAMESPACE-replica-deployment-pgdata"
        }
    },
    "spec": {
        "capacity": {
            "storage": "$CCP_STORAGE_CAPACITY"
        },
        "accessModes": ["$CCP_STORAGE_MODE"],
        "hostPath": {
            "path": "$CCP_STORAGE_PATH/$CCP_NAMESPACE-postgres-cluster"
        },
        "persistentVolumeReclaimPolicy": "Retain"
    }
}