{
    "kind": "PersistentVolumeClaim",
    "apiVersion": "v1",
    "metadata": {
        "name": "primary-deployment-pgdata",
        "labels": {
            "cleanup": "$CCP_NAMESPACE-postgres-cluster"
        }
    },
    "spec": {
        "selector": {
            "matchLabels": {
                "name": "$CCP_NAMESPACE-primary-deployment-pgdata"
            }
        },
        "accessModes": [
            "$CCP_STORAGE_MODE"
        ],
        "resources": {
            "requests": {
                "storage": "$CCP_STORAGE_CAPACITY"
            }
        }
    }
}

{
  "kind": "PersistentVolumeClaim",
  "apiVersion": "v1",
  "metadata": {
      "name": "replica-deployment-pgdata",
      "labels": {
          "cleanup": "$CCP_NAMESPACE-postgres-cluster"
      }
  },
  "spec": {
      "selector": {
          "matchLabels": {
              "name": "$CCP_NAMESPACE-replica-deployment-pgdata"
          }
      },
      "accessModes": [
          "$CCP_STORAGE_MODE"
      ],
      "resources": {
          "requests": {
              "storage": "$CCP_STORAGE_CAPACITY"
          }
      }
  }
}