{
    "kind": "PersistentVolumeClaim",
    "apiVersion": "v1",
    "metadata": {
        "name": "br-pgdata",
        "labels": {
            "cleanup": "$CCP_NAMESPACE-backrest"
        }
    },
    "spec": {
        "selector": {
            "matchLabels": {
                "name": "$CCP_NAMESPACE-br-pgdata"
            }
        },
        "accessModes": [
            "$CCP_STORAGE_MODE"
        ],
        "resources": {
            "requests": {
                "storage": "$CCP_STORAGE_CAPACITY"
            }
        }
    }
}

{
    "kind": "PersistentVolumeClaim",
    "apiVersion": "v1",
    "metadata": {
        "name": "br-backups",
        "labels": {
            "cleanup": "$CCP_NAMESPACE-backrest"
        }
    },
    "spec": {
        "selector": {
            "matchLabels": {
                "name": "$CCP_NAMESPACE-br-backups"
            }
        },
        "accessModes": [
            "$CCP_STORAGE_MODE"
        ],
        "resources": {
            "requests": {
                "storage": "$CCP_STORAGE_CAPACITY"
            }
        }
    }
}