{
    "apiVersion": "rbac.authorization.k8s.io/v1beta1",
    "kind": "Role",
    "metadata": {
        "name": "scheduler-sa",
        "namespace": "$CCP_NAMESPACE",
        "labels": {
            "name": "scheduler",
            "cleanup": "$CCP_NAMESPACE-scheduler"
        }
    },
    "rules": [
        {
            "apiGroups": [
                ""
            ],
            "resources": [
                "pods",
                "configmaps",
                "secrets"
            ],
            "verbs": [
                "get",
                "list",
                "watch"
            ]
        },
        {
            "apiGroups": [
                "batch"
            ],
            "resources": [
                "jobs"
            ],
            "verbs": [
                "get",
                "list",
                "watch",
                "create",
                "delete"
            ]
        },
        {
            "apiGroups": [
                "apps"
            ],
            "resources": [
                "deployments"
            ],
            "verbs": [
                "get",
                "list",
                "watch"
            ]
        },
        {
            "apiGroups": [
                ""
            ],
            "resources": [
                "pods/exec"
            ],
            "verbs": [
                "create"
            ]
        }
    ]
}

{
    "apiVersion": "v1",
    "kind": "ServiceAccount",
    "metadata": {
        "name": "scheduler-sa",
        "namespace": "$CCP_NAMESPACE",
        "labels": {
            "name": "scheduler",
            "cleanup": "$CCP_NAMESPACE-scheduler"
        }
    }
}

{
    "apiVersion": "rbac.authorization.k8s.io/v1beta1",
    "kind": "RoleBinding",
    "metadata": {
        "name": "scheduler-sa",
        "labels": {
            "name": "scheduler",
            "cleanup": "$CCP_NAMESPACE-scheduler"
        }
    },
    "roleRef": {
        "apiGroup": "rbac.authorization.k8s.io",
        "kind": "Role",
        "name": "scheduler-sa"
    },
    "subjects": [
        {
            "kind": "ServiceAccount",
            "name": "scheduler-sa",
            "namespace": "$CCP_NAMESPACE"
        }
    ]
}
