{
  "annotations": {
    "list": [
      {
        "builtIn": 1,
        "datasource": "-- Grafana --",
        "enable": true,
        "hide": true,
        "iconColor": "rgba(0, 211, 255, 1)",
        "name": "Annotations & Alerts",
        "type": "dashboard"
      }
    ]
  },
  "editable": false,
  "gnetId": null,
  "graphTooltip": 0,
  "id": 5,
  "iteration": 1541625844844,
  "links": [],
  "panels": [
    {
      "aliasColors": {},
      "bars": false,
      "dashLength": 10,
      "dashes": false,
      "datasource": "PROMETHEUS",
      "fill": 1,
      "gridPos": {
        "h": 7,
        "w": 12,
        "x": 0,
        "y": 0
      },
      "height": "250px",
      "id": 2,
      "legend": {
        "avg": false,
        "current": false,
        "max": false,
        "min": false,
        "show": true,
        "total": false,
        "values": false
      },
      "lines": true,
      "linewidth": 1,
      "links": [],
      "minSpan": null,
      "nullPointMode": "null",
      "percentage": false,
      "pointradius": 5,
      "points": false,
      "renderer": "flot",
      "seriesOverrides": [],
      "spaceLength": 10,
      "stack": false,
      "steppedLine": false,
      "targets": [
        {
          "expr": "100-(100*(node_filesystem_free_bytes{job=\"[[jobname]]\", mountpoint!~\"/|/conf|/etc.*|/run.*\", fstype!~\".*tmpfs.*|.*root.*|.*pipe.*\"} / node_filesystem_size_bytes{job=\"[[jobname]]\", mountpoint!~\"/|/conf|/etc.*|/run.*\", fstype!~\".*tmpfs.*|.*root.*|.*pipe.*\"}))",
          "format": "time_series",
          "intervalFactor": 2,
          "legendFormat": "{{mountpoint}}",
          "refId": "A"
        },
        {
          "expr": "100-(100*(node_filesystem_free{job=\"[[jobname]]\", mountpoint!~\"/|/conf|/etc.*|/run.*\", fstype!~\".*tmpfs.*|.*root.*|.*pipe.*\"} / node_filesystem_size{job=\"[[jobname]]\", mountpoint!~\"/|/conf|/etc.*|/run.*\", fstype!~\".*tmpfs.*|.*root.*|.*pipe.*\"}))",
          "format": "time_series",
          "intervalFactor": 2,
          "legendFormat": "{{mountpoint}}",
          "refId": "B"
        }
      ],
      "thresholds": [],
      "timeFrom": null,
      "timeShift": null,
      "title": "Filesystem Usage %",
      "tooltip": {
        "shared": true,
        "sort": 0,
        "value_type": "individual"
      },
      "type": "graph",
      "xaxis": {
        "buckets": null,
        "mode": "time",
        "name": null,
        "show": true,
        "values": []
      },
      "yaxes": [
        {
          "format": "short",
          "label": null,
          "logBase": 1,
          "max": null,
          "min": null,
          "show": true
        },
        {
          "format": "short",
          "label": null,
          "logBase": 1,
          "max": null,
          "min": null,
          "show": true
        }
      ],
      "yaxis": {
        "align": false,
        "alignLevel": null
      }
    },
    {
      "aliasColors": {},
      "bars": false,
      "dashLength": 10,
      "dashes": false,
      "datasource": "PROMETHEUS",
      "fill": 1,
      "gridPos": {
        "h": 7,
        "w": 12,
        "x": 12,
        "y": 0
      },
      "height": "250px",
      "id": 3,
      "legend": {
        "avg": false,
        "current": false,
        "max": false,
        "min": false,
        "show": true,
        "total": false,
        "values": false
      },
      "lines": true,
      "linewidth": 1,
      "links": [],
      "nullPointMode": "null",
      "percentage": false,
      "pointradius": 5,
      "points": false,
      "renderer": "flot",
      "seriesOverrides": [],
      "spaceLength": 10,
      "stack": false,
      "steppedLine": false,
      "targets": [
        {
          "expr": "node_filesystem_size_bytes{job=\"[[jobname]]\", mountpoint!~\"/|/conf|/etc.*|/run.*\", fstype!~\".*tmpfs.*|.*root.*|.*pipe.*\"} - node_filesystem_free_bytes{job=\"[[jobname]]\", mountpoint!~\"/|/conf|/etc.*|/run.*\", fstype!~\".*tmpfs.*|.*root.*|.*pipe.*\"}",
          "format": "time_series",
          "intervalFactor": 2,
          "legendFormat": "{{mountpoint}}",
          "refId": "A"
        },
        {
          "expr": "node_filesystem_size{job=\"[[jobname]]\", mountpoint!~\"/|/conf|/etc.*|/run.*\", fstype!~\".*tmpfs.*|.*root.*|.*pipe.*\"} - node_filesystem_free{job=\"[[jobname]]\", mountpoint=\"/pgdata|/backrestrepo|/pgwal\", fstype!~\".*tmpfs.*|.*root.*|.*pipe.*\"}",
          "format": "time_series",
          "intervalFactor": 2,
          "legendFormat": "{{mountpoint}}",
          "refId": "B"
        }
      ],
      "thresholds": [],
      "timeFrom": null,
      "timeShift": null,
      "title": "Filesystem Space Used",
      "tooltip": {
        "shared": true,
        "sort": 0,
        "value_type": "individual"
      },
      "type": "graph",
      "xaxis": {
        "buckets": null,
        "mode": "time",
        "name": null,
        "show": true,
        "values": []
      },
      "yaxes": [
        {
          "format": "bytes",
          "label": null,
          "logBase": 1,
          "max": null,
          "min": null,
          "show": true
        },
        {
          "format": "short",
          "label": null,
          "logBase": 1,
          "max": null,
          "min": null,
          "show": true
        }
      ],
      "yaxis": {
        "align": false,
        "alignLevel": null
      }
    }
  ],
  "schemaVersion": 16,
  "style": "dark",
  "tags": [],
  "templating": {
    "list": [
      {
        "allValue": null,
        "current": {
          "tags": [],
          "text": "upgrade: primary-metrics",
          "value": "upgrade: primary-metrics"
        },
        "datasource": "PROMETHEUS",
        "hide": 0,
        "includeAll": false,
        "label": null,
        "multi": false,
        "name": "jobname",
        "options": [],
        "query": "label_values(job)",
        "refresh": 1,
        "regex": "",
        "sort": 1,
        "tagValuesQuery": "",
        "tags": [],
        "tagsQuery": "",
        "type": "query",
        "useTags": false
      }
    ]
  },
  "time": {
    "from": "now-15m",
    "to": "now"
  },
  "timepicker": {
    "refresh_intervals": [
      "5s",
      "10s",
      "30s",
      "1m",
      "5m",
      "15m",
      "30m",
      "1h",
      "2h",
      "1d"
    ],
    "time_options": [
      "5m",
      "15m",
      "1h",
      "6h",
      "12h",
      "24h",
      "2d",
      "7d",
      "30d"
    ]
  },
  "timezone": "",
  "title": "FilesystemDetails",
  "uid": "g8iVvnHmz",
  "version": 2
}
