{
    "kind": "Service",
    "apiVersion": "v1",
    "metadata": {
        "name": "pgaudit",
        "labels": {
            "name": "pgaudit",
            "cleanup": "$CCP_NAMESPACE-pgaudit"
        }
    },
    "spec": {
        "ports": [
            {
                "protocol": "TCP",
                "port": 5432,
                "targetPort": 5432,
                "nodePort": 0
            }
        ],
        "selector": {
            "name": "pgaudit"
        },
        "type": "ClusterIP",
        "sessionAffinity": "None"
    }
}

{
    "kind": "Pod",
    "apiVersion": "v1",
    "metadata": {
        "name": "pgaudit",
        "labels": {
            "name": "pgaudit",
            "cleanup": "$CCP_NAMESPACE-pgaudit"
        }
    },
    "spec": {
        "securityContext": {
            $CCP_SECURITY_CONTEXT
        },
        "containers": [
            {
                "name": "postgres",
                "image": "$CCP_IMAGE_PREFIX/crunchy-postgres:$CCP_IMAGE_TAG",
                "readinessProbe": {
                    "exec": {
                        "command": [
                            "/opt/cpm/bin/readiness.sh"
                        ]
                    },
                    "initialDelaySeconds": 40,
                    "timeoutSeconds": 1
                },
                "livenessProbe": {
                    "exec": {
                        "command": [
                            "/opt/cpm/bin/liveness.sh"
                        ]
                    },
                    "initialDelaySeconds": 40,
                    "timeoutSeconds": 1
                },
                "ports": [
                    {
                        "containerPort": 5432,
                        "protocol": "TCP"
                    }
                ],
                "env": [
                    {
                        "name": "PG_PRIMARY_USER",
                        "value": "primaryuser"
                    },
                    {
                        "name": "PG_PRIMARY_PORT",
                        "value": "5432"
                    },
                    {
                        "name": "PGHOST",
                        "value": "/tmp"
                    },
                    {
                        "name": "PG_MODE",
                        "value": "primary"
                    },
                    {
                        "name": "PG_PRIMARY_PASSWORD",
                        "value": "password"
                    },
                    {
                        "name": "PG_USER",
                        "value": "testuser"
                    },
                    {
                        "name": "PG_PASSWORD",
                        "value": "password"
                    },
                    {
                        "name": "PG_DATABASE",
                        "value": "userdb"
                    },
                    {
                        "name": "PG_ROOT_PASSWORD",
                        "value": "password"
                    }
                ],
                "volumeMounts": [
                    {
                        "mountPath": "/pgdata",
                        "name": "pgdata",
                        "readOnly": false
                    },
                    {
                        "mountPath": "/backup",
                        "name": "backup",
                        "readOnly": true
                    },
                    {
                        "mountPath": "/pgconf",
                        "name": "pgconf",
                        "readOnly": true
                    }
                ]
            }
        ],
        "volumes": [
            {
                "name": "pgdata",
                "emptyDir": {
			    "medium": "Memory"
			}
            },
            {
                "name": "backup",
                "emptyDir": {
			    "medium": "Memory"
			}
            },
            {
                "name": "pgconf",
                "configMap": {
                    "name": "pgaudit-pgconf"
                }
            }
        ]
    }
}
